group_id,count,websites
1,1615,"abilways.be | acetoolonline.com | actemium.ca | actemium.es | actemium.nl | actemium.se | actemium.us | adecco.co.th | adeccogroupfoundationus.org | adeccojapanese.asia | adfc-radtourismus.de | adlatus-nordwestschweiz.ch | adra.org.au | adra.org.pe | adra.org.rs | adra.pl | adra.sk | advantisengineering.com | advocaremorristownpediatrics.com | affidea.ba | affidea.ch | affidea.es | affidea.gr | affidea.lt | affidea.pt | affidea.ro | affinitynonprofits.com | africell.ao | aiesec.ba | aiesec.cl | aiesec.gr | aiesec.org.es | aiesec.org.rs | aiesecargentina.org | aiesecaustralia.org | aireonepeel.ca | alcirclebiz.com | aleris-pp.dk | algeco.at | algeco.be | algeco.com | algeco.cz | algeco.pt | algeco.ro | algeco.si | algeco.sk | algordanza.com.au | aliaxis-me.com | aliaxis.be | aliaxis.bg | aliaxis.cz | aliaxis.gr | aliaxis.hu | aliaxis.it | aliaxis.pl | allbranded.de | allianz-spm.fr | allianz.com.gr | allianz.is | allianz.lt | allianz.lu | allianz.mg | allianz.nl | allianzdarta.ie | allianzgloballife.com | allianzpp.com | allthingswater.com | altengt.com | altenusa.com | amnesty.eu | amnesty.id | amnesty.ie | amnesty.lu | amnesty.org.ng | amnesty.org.ph | amway.at | amway.ch | amway.de | amway.fr | amway.it | anderson-negele-gmbh.ru | andre-media.it | annotext.de | aon.lv | aonhewitt.com.cy | aonsolutions.com.cy | aonsolutions.com.tr | aonsolutions.gr | aontravpro.com | applebees.com.gt | aquatherm-belux.be | araihelmet.com | ardex.at | asendia.at | asendia.co.uk | asendia.de | asendia.dk | asendia.es | asendia.it | asendia.se | asendia.sg | asendiausa.com | asieris.com | atalian.be | atalian.com.tr | atalian.cz | atalian.hu | atalian.lu | atalian.nl | atalian.pl | atalian.rs | atalian.sg | atalian.sk | athora.nl | attijariwafabank.com.eg | avia-belgomine.be | avia-ramonville.fr | avia-unimot.com.ua | avia.ch | avia.hu | aviabienert.de | avis-taiwan.com | avis.co.mw | avis.nc | avispl.de | avon.com.sa | axa-lifeeurope.com | axa.com.br | axabreakdown.co.uk | babgencel.de | bakertilly-ca.com | bakertilly.ba | bakertilly.ci | bakertilly.com.jm | bakertilly.com.kh | bakertilly.com.pa | bakertilly.com.ve | bakertilly.dk | bakertilly.ec | bakertilly.es | bakertilly.fr | bakertilly.gi | bakertilly.gt | bakertilly.it | bakertilly.ke | bakertilly.ky | bakertilly.lk | bakertilly.lu | bakertilly.lv | bakertilly.ma | bakertilly.mt | bakertilly.mu | bakertilly.ng | bakertilly.no | bakertilly.pk | bakertilly.pt | bakertilly.se | bakertilly.sg | bakertilly.site | bakertilly.sl | bakertilly.vg | bakertillyeg.com | bakertillygh.com | bakertillylb.com | bakertillymapema.se | bakertillysek.se | bauder.ag | bauder.at | bauder.be | bauder.fr | bauder.lt | bauder.nl | bauder.rs | bauer-egypt.com | baywa-re.co.kr | baywa-re.com.au | baywa-re.es | baywa-re.fr | baywa-re.mx | baywa-re.pl | baywa-re.vn | bbraun.bg | bbraun.ca | bbraun.cn | bbraun.co.th | bbraun.co.uk | bbraun.com.br | bbraun.com.my | bbraun.com.tw | bbraun.com.vn | bbraun.cz | bbraun.dk | bbraun.fi | bbraun.hr | bbraun.hu | bbraun.lv | bbraun.no | bbraun.ph | bbraun.rs | bbraun.se | bcurelaser.co.il | bcurelaser.com | bees-sport.nl | bellaplanta.de | benefitsystems.hr | berlitz-augsburg.de | berlitz.com.py | berlitzhautsdefrance.fr | berlitznouvelleaquitaine.fr | bestdrive.fi | bestdrive.se | bigfootdigital.co.uk | bioderma-india.in | bioderma-sk.com | bioderma.co.za | bioderma.com.hr | bioderma.ec | bioderma.it | bioderma.pl | bioderma.sg | bizfilings.com | blackroll.com.pl | bluecardagency.ru | bnpparibasdeveloppement.com | bonprix.fi | bonprix.jobs | bosch-pt.com.au | boschtools.com | brother-industrial.com | brother-industrial.md | brother-slovakia.sk | brother.cn | brother.co.il | brother.com.ar | brother.com.br | brother.com.mx | brother.com.pe | budget.com.do | budget.rs | budgetglacier.com | canon-its.co.jp | canonburgos.com | cardif.pl | carglass.ee | carglass.hr | carglass.re | carglass.rs | carglass.si | cargoriga.ee | carlsjr.com.mx | carlsjr.com.my | carlsjr.com.sg | carlsjr.com.tr | carlsjr.es | carlsjrmerida.com | carter-benson.com | caspak.co.nz | castsoftware.it | cbrain.com | cdlcuritiba.org.br | cdu-aldenhoven.de | cdvi.ca | cdvi.ch | cdvi.com | cdvi.de | cdvi.fr | cdvi.se | cdvibenelux.com | cdviberica.com | century21viaplus.be | cfmoto-larissa.gr | cfmoto.com.tr | cfmotobenelux.eu | cfmotoitaly.it | chicco.co.nz | chubblifefund.com.vn | cimbbank.com.vn | cinnabon-egypt.com | cleijsenautoschadegoirle.nl | compassion.es | cpi-print.com | crif.ch | crif.com.tr | crif.cz | crif.hk | crif.pl | crif.sk | crocs.ch | crocs.cl | crocs.com.pe | crocs.com.uy | crocs.pl | ctdi.in | cubcadet.fr | culliganadvantage.com | culliganalbionhillsdale.com | culliganallegan.com | culliganatlanta.com | culliganbrighton.com | culligancentralindiana.com | culliganchampaign.com | culliganchicago.com | culligancountry.com | culligandelavan.com | culligandenkerwaterconditioning.com | culligandesmoines.com | culliganflint.com | culliganfresnolindsay.com | culligangeneva.com | culligangrandisland.com | culligangrandrapids.com | culliganh2o.com | culliganheartland.com | culliganhoriconwatertown.com | culliganillinois.com | culliganillinoisvalley.com | culliganindiana.com | culliganiowa.com | culliganjanesville.com | culligankennewick.com | culliganlacrosse.com | culliganlansing.com | culliganlasvegas.com | culliganlemars.com | culliganmarion.com | culliganmarlette.com | culliganmichigan.com | culliganmidmichigan.com | culliganminneapolis.com | culliganmonroe.com | culliganmoseslake.com | culligannation.com | culligannc.com | culliganofidaho.com | culliganofmerrillville.com | culliganofnashville.com | culliganofofallon.com | culliganofpeoria.com | culliganofsouthwestwisconsin.com | culliganofwestbranch.com | culliganphoenix.com | culliganporthuron.com | culliganquadcities.com | culliganredwing.com | culliganregina.com | culliganricelake.com | culliganromeo.com | culligansanantonio.com | culligansiouxcity.com | culliganslc.com | culligansouthwest.com | culliganstlouis.com | culligantoledo.com | culligantotalwater.com | culligantotalwaterbaraboo.com | culligantotalwateriowa.com | culligantucson.com | culligantulsa.com | culliganwaterbillings.com | culliganwaterburlington.com | culliganwatercorrections.com | culliganwaternebraska.com | culliganwaterstillwater.com | culliganwatertreatment.com | culliganwaterwestbend.com | culliganwaterwyoming.com | culliganwheaton.com | culliganwi.com | culliganwisconsin.com | culliganwooster.com | culliganwt.com | cvjm-dettingen.de | cvjm-hemer.de | cvjm-muenchberg.de | cvjm-nuembrecht.de | cyrillus.com | daad-australia.org | daikin-ce.com | daikin-china.com.cn | daikin-iraq.com | daikin-ksa.com | daikin-manufacturing.de | daikin.al | daikin.az | daikin.ch | daikin.com.mm | daikin.com.mx | daikin.com.sg | daikin.com.vn | daikin.eu | daikin.fi | daikin.ge | daikin.mk | daikin.rs | daikin.ru | daikin.si | daikinafrica.com | daikinbahrain.com | daikinchemicals.com | daikinczech.cz | daikindevice.cz | daikinegypt.com | daikinkuwait.com | daikinlebanon.com | daikinmalaysia.com | daikinmea.com | daikinqatar.com | daikinuae.com | decathlon-karriere.de | decathlon.com.kh | decathlonkz.com | delreg.com | demeter-bw.de | demeter-im-norden.de | demeter-im-westen.de | demeter.at | demeter.ch | demeter.it | demetercs.eu | designmehair.cz | designpluz.com | desjoyaux.co.uk | desjoyauxcreuse.com | despat.com | despec.eu | dicetek.us | dmcihomes.jp | drinkculligan.com | duracell-me.com | duraclean.us | duracleanmaine.com | ebay.com.hk | ebay.com.tw | ebay.fr | ebay.it | ebay.pl | eca-serel.de | ecaas.com | ecochillers.net | edenred.com.ar | edenred.com.uy | edenred.es | edenred.fi | edenred.hu | edenred.pl | edenredrewards.co.in | educab.com.au | eftech-international.com | einhell.ba | einhell.bg | einhell.ch | einhell.co.uk | einhell.com.ar | einhell.com.gr | einhell.com.tr | einhell.cz | einhell.de | einhell.dk | einhell.fi | einhell.hr | einhell.nl | einhell.pl | einhell.rs | elizabetharden.tw | engie-ecserwis.pl | engie-energia.pe | engie.co.uk | engie.de | engie.pt | engieresources.com | engieservices.us | entergy-arkansas.com | entergy-louisiana.com | entergy-mississippi.com | entergy-neworleans.com | entergy-nuclear.com | entergy-texas.com | entergynewsroom.com | enterprise.si | eresrelocation.es | esseskincare.co.uk | esseskincare.dk | esseskincare.fi | esseskincare.nl | esseskincare.no | esseskincare.se | etxt.biz | eurochem-na.com | eurofins.at | eurofins.hr | eurofinsfoodtesting.com | eurofinsfoodtesting.nl | europcar.me | europcar.rs | exertisztorm.com | experian.co.nz | experian.co.uk | faacentrancesolutions.be | faesfarma.com.co | fattalhotelgroup.com | filatime.com | filterteknik.dk | fimacf.africa | fleishmanhillard.cn | fleishmanhillard.co.id | fleishmanhillard.co.th | fleishmanhillard.com.br | fleishmanhillard.cz | fleishmanhillard.ie | fleishmanhillard.mx | fleishmanhillard.ph | flesan.com.pe | fmlogistic.com.br | fmlogistic.com.ua | fmlogistic.cz | fmlogistic.es | fmlogistic.it | fmlogistic.pl | fmlogistic.ro | fmlogistic.sk | ford.if.ua | ford.lviv.ua | ford.pl.ua | ford.te.ua | ford.vn.ua | forpsi.pl | foxinabox.mx | foxinaboxbrisbane.com | foxinaboxgoldcoast.com | foxinaboxgraz.at | foxinaboxmiami.com | foxinaboxzutphen.com | franzcollection.com | freeportwestselfstorage.com | freseniuskidneycare.com | furuno.gr | genan.com | genya.it | giacomini.cz | gjw-bb.de | gjw-hessen.de | gjw-mv.de | gjw-nd.de | gjw-nrw.de | gjw-sachsen.de | gjwnwd.de | globalconnect.de | globalconnect.dk | globalconnectgroup.com | gloriasportsarena.com.tr | gracehomes.us | grantthornton.sk | greatplacetowork.ch | greatplacetowork.cl | greatplacetowork.com.au | greatplacetowork.com.tr | greatplacetowork.com.vn | greatplacetowork.fr | greatplacetowork.gr | greatplacetowork.se | grupointexa.co | gs1.dk | gs1al.org | gs1sk.org | gulf.com.mk | gulfcombustibles.com | h2oinnovation.mx | habitat.hu | habitatcoosavalley.org | habitativ.org | habitatmichigan.org | habitatns.ca | habitatstl.org | habitatvietnam.org | hahn-kolb.mx | hamburg.com | hansa-flex.com.pl | heliosstrategia.pl | hertz-autopozicovna.sk | hertz-autopujcovna.cz | hertz-tilburg.nl | hertz.am | hertz.com.cy | hertz.com.do | hertz.ro | honda-angouleme.com | honda-autoland.com | honda-bordeaux.com | honda-caen.com | honda-cannes.com | honda-chateauroux.com | honda-dijon.com | honda-grenoble.com | honda-larochelle.com | honda-lemans.com | honda-lille.com | honda-limoges.com | honda-lorient.com | honda-marseille.com | honda-meaux.com | honda-melun.com | honda-metz.com | honda-montpellier.com | honda-mulhouse.com | honda-nig.com | honda-pirola.com | honda-reims.com | honda-rennes.com | honda-rouen.com | honda-saint-maur.com | honda-strasbourg.com | honda-toulouse.com | honda-villebon.com | honda.cl | honda.com.bd | hondamurcia.com | hondasemarangcenter.com | hondasevilla.net | hondatygerberg.co.za | howden.co.il | howdenagents.gr | howdenoze.pl | howdensafetysolutions.com | howdentiger.com | humanasecondhand.se | husse.hu | hyundai.ge | hyundaiblacktown.com.au | hyundaichullora.com.au | hyundaigatineau.ca | hyundaitgv.ro | ibc-solar.co.za | ibc-solar.cz | ibc-solar.es | icafalinmobiliaria.cl | ikea.co.id | ikea.com.hk | ikea.com.tw | ikea.ee | ikea.is | ilmercatoambacht.nl | immanuelalbertinen.de | implantcenter-dentistry.co.uk | inbeat.co | inductotherm.ca | inductothermgroup.com.br | inductothermhw.com | infiniti-abudhabi.com | infiniti-azerbaijan.com | infiniti-bahrain.com | infiniti-dubai.com | infiniti-jordan.com | infiniti.com.do | infiniti.com.pa | infiniti.com.tw | infiniti.mx | inhuntworld.com | internationalsos.co.jp | internationalsos.no | intersport-arc1950.com | intersport-arc2000.com | intersport-arvieux.com | intersport-courchevel1550.com | intersport-courchevel1850.com | intersport-grandbornand.com | intersport-gros.de | intersport-lesrousses.com | intersport-martinique-guadeloupe.fr | intersport-risoul.com | intersport.be | intersport.com.au | intersport.fi | invisalign.ae | invisalign.ch | invisalign.co.il | invisalign.co.kr | invisalign.co.uk | invisalign.de | invisalign.fr | invisalign.it | islprgac.org | isover.bg | isuzu.net.my | isuzuniaga.com | jdimmigration.es | jll.ch | jll.co.il | jll.co.kr | jll.com.lk | jll.fi | jll.lu | jll.nz | job-impulse.co.jp | job-impulse.es | job-impulse.mx | job-impulse.pt | job-impulse.sk | job-impulse.us | johcm-ukconference.com | johnsmedley.jp | jollibee.com.bn | julis-bayern.de | julis-mfr.de | julis-muenchen.de | julis-nuernberg.de | julis-rhein-berg.de | julis-sachsenanhalt.de | julis-sh.de | julis-stuttgart.de | jungheinrich.cn | jungheinrich.co | jungheinrich.co.nz | jungheinrich.co.th | jungheinrich.co.za | jungheinrich.com.au | jungheinrich.com.br | jungheinrich.in | kalorimeta-singen.de | kamic.fi | kapanfastigheter.se | kawasaki-center-koeln.de | kawasaki-herzog.de | kawasaki-magdeburg.de | kawasaki-seufert.de | keasyfit.it | keika-c.ed.jp | kewpie.com.sg | kia-ahs-roehrnbach.de | kia-auto-center-weiterstadt.de | kia-bachmann-wehretal.de | kia-bandung.com | kia-bender-coburg.de | kia-beyschlag.at | kia-brass-frankfurt.de | kia-brueggemann-brandenburg.de | kia-brueggemann-neubrandenburg.de | kia-burian-celle.de | kia-car-center-wismar.de | kia-christ-ansbach.de | kia-ci.com | kia-daehn-goeritz.de | kia-diamant-wiesbaden.de | kia-dresen-neuss.de | kia-ds-lampertheim.de | kia-duerkop-hannover.de | kia-ebner-baienfurt.de | kia-engbert-datteln.de | kia-etehad-halstenbek.de | kia-fischer-cottbus.de | kia-fischer-muenchberg.de | kia-fugel-dresden.de | kia-gj-remagen-rolandseck.de | kia-gorny-eislingen.de | kia-guenther-dingelstaedt.de | kia-h-p-schiffweiler.de | kia-hoff-trier.de | kia-hotz-gardelegen.de | kia-jaeger-bevern.de | kia-koenig-teltow.de | kia-kroppen-herten.de | kia-kurt-recklinghausen.de | kia-lange-gosen.de | kia-levy-wittenberg.de | kia-maier-cham.de | kia-moeller-eisenach.de | kia-moeller-wunstorf.de | kia-mouscron.be | kia-mueller-genthin.de | kia-penning-zetelneuenburg.de | kia-poeschl-bensheim.de | kia-sauter-albstadt.de | kia-schmid-hoehenkirchen.de | kia-schunke-aurich.de | kia-settele-neu-ulm.de | kia-strehle-dresden.de | kia-suedmobile-radolfzell.de | kia-telke-badschlema.de | kia-trinkle-schorndorf.de | kia-vogt-finningen.de | kia-wandscher-oldenburg.de | kia.co.sz | kia.com.co | kia.com.ni | kia.com.uy | kia.pt | kiacadca.sk | kiaonline.dk | kiaspringfield.co.za | kiatorun.pl | kierpensions.co.uk | kind-der-stadt.at | krautzberger.pl | krofian.de | kumon.com.hk | kuraray.us.com | laborelec.com | lamborghini-berlin.com | lamborghini-cannes.com | lamborghini-frankfurt.com | lamborghini-paris.com | lamborghini-rotterdam.nl | lamborghini-stuttgart.com | lamborghini-zh.ch | lamborghinimontreal.com | lamborghinisarasota.com | landi.swiss | lcvesta.nl | leroymerlin.co.za | lightspeedhq.fr | lightspeedhq.mx | linde-gas.at | linde-gas.ee | linde-gas.es | linde-gas.fi | linde-gas.fr | linde-gas.lt | linde-gas.lv | linde-gas.nl | linde-gas.no | linde-gaz.pl | linde-healthcare.nl | lindehomecare.fr | linexcoloradosprings.com | linexps.com | logicvapes.co.uk | logmaxbr.com.br | louisdepoorterestore.com | luminishealthcareers.org | lww.co.uk | macma.pl | manpower.co.za | manpowergroup.ca | manpowergroup.ch | manpowergroup.com.sg | manpowergroup.cz | manpowergroup.dk | manpowergroup.gr | manpowergroup.no | manpowergroup.pt | manpowergroup.se | mantruckmerchandise.co.uk | mapfre.com.gt | mapfre.com.ni | mapfre.com.py | mapfre.com.sv | mapfre.com.uy | mapfre.com.ve | mariagefreres.co.jp | mateco.mx | mazda-autocentrum-engin-holzminden.de | mazda-autohaus-abs-erlangen.de | mazda-autohaus-ahb-gotha.de | mazda-autohaus-albers-doerpen.de | mazda-autohaus-albstadt-auto-domicil-ebingen.de | mazda-autohaus-banaszak-kleve.de | mazda-autohaus-banaszak-wesel.de | mazda-autohaus-baumgart-altensteig.de | mazda-autohaus-bayer-goessweinstein.de | mazda-autohaus-becker-homburg-bruchhof.de | mazda-autohaus-behrens-magdeburg-ottersleben.de | mazda-autohaus-berlenbach-bergischgladbach.de | mazda-autohaus-blank-dinkelsbuehl.de | mazda-autohaus-boehme-lutherstadt-wittenberg.de | mazda-autohaus-bolluck-goslar.de | mazda-autohaus-born-ludwigslust.de | mazda-autohaus-brutschin-lenzkirch.de | mazda-autohaus-buelo-naumburg.de | mazda-autohaus-dittrich-genthin-huettermuehle.de | mazda-autohaus-doerenkaemper-bad-hersfeld.de | mazda-autohaus-dohm-horn-bad-meinberg.de | mazda-autohaus-dorner-riedlingen.de | mazda-autohaus-ehrlich-aschaffenburg.de | mazda-autohaus-eisele-langenau.de | mazda-autohaus-elstner-jena.de | mazda-autohaus-engelbart-delmenhorst.de | mazda-autohaus-flindt-marschacht.de | mazda-autohaus-friedmann-steinfeld.de | mazda-autohaus-fritsche-grossschoenau.de | mazda-autohaus-gerhard-figge-waldeck-hoeringhausen.de | mazda-autohaus-goedde-meschede.de | mazda-autohaus-gollan-hamm.de | mazda-autohaus-grasdanner-holzkirchen.de | mazda-autohaus-gruendel-doerth.de | mazda-autohaus-haese-erkrath-hochdahl.de | mazda-autohaus-haeusler-fuerstenfeldbruck.de | mazda-autohaus-hamester-hamburg-bergedorf.de | mazda-autohaus-hansmann-kassel.de | mazda-autohaus-hansmann-melsungen.de | mazda-autohaus-heider-dresden.de | mazda-autohaus-hellwig-hoyerswerda.de | mazda-autohaus-henn-weilamrhein.de | mazda-autohaus-hoeffner-clausen.de | mazda-autohaus-hohenfeld-dinslaken.de | mazda-autohaus-kalina-gelsenkirchen.de | mazda-autohaus-kaschmieder-waren.de | mazda-autohaus-kilger-regen.de | mazda-autohaus-klein-bietigheim-bissingen.de | mazda-autohaus-kopke-bendel-marl.de | mazda-autohaus-kramer-kirchberg.de | mazda-autohaus-lackmann-sendenhorst.de | mazda-autohaus-lehmann-senftenberg.de | mazda-autohaus-lohmann-kreuztal.de | mazda-autohaus-lommel-grettstadt.de | mazda-autohaus-lotspeich-muenchen.de | mazda-autohaus-ludwig-halle-neustadt.de | mazda-autohaus-misch-uebach-palenberg.de | mazda-autohaus-moellenkamp-rheine.de | mazda-autohaus-mork-rockenhausen.de | mazda-autohaus-mueller-plauen.de | mazda-autohaus-mueller-und-thurnes-tholey.de | mazda-autohaus-rausch-dresden.de | mazda-autohaus-richter-forst.de | mazda-autohaus-roeser-grossmaischeid.de | mazda-autohaus-roessel-birkenau.de | mazda-autohaus-rottmann-bottrop.de | mazda-autohaus-ruettiger-wallduern.de | mazda-autohaus-schindlbeck-schwandorf.de | mazda-autohaus-schindlbeck-straubing.de | mazda-autohaus-schmidt-grossenhain.de | mazda-autohaus-schmidt-meschede.de | mazda-autohaus-schmidt-oschatz.de | mazda-autohaus-schneider-sondershausen.de | mazda-autohaus-schreier-biebergemuend-bieber.de | mazda-autohaus-schwenke-duisburg.de | mazda-autohaus-stiefel-muehlacker.de | mazda-autohaus-stoelzel-doehlau.de | mazda-autohaus-sturne-grimma.de | mazda-autohaus-sturne-rochlitz.de | mazda-autohaus-suedring-datteln.de | mazda-autohaus-tabbouch-speyer.de | mazda-autohaus-thoss-falkenstein.de | mazda-autohaus-tietje-holmb-wedel.de | mazda-autohaus-tillack-perleberg.de | mazda-autohaus-torp-wilhelmshaven.de | mazda-autohaus-trumpf-wimmelburg.de | mazda-autohaus-ubben-aurich.de | mazda-autohaus-voigtlaender-meyer-hamburg.de | mazda-autohaus-w-k-kamen.de | mazda-autohaus-wagner-dortmund.de | mazda-autohaus-wassing-ahaus-wuellen.de | mazda-autohaus-weber-magdeburg.de | mazda-autohaus-wedding-engelskirchen-albertsth.de | mazda-autohaus-weiss-niedernhausen.de | mazda-autohaus-wilhelm-huellhorst.de | mazda-autohaus-wilk-kaczmarek-schwerin.de | mazda-autohaus-witthoeft-bad-oldesloe.de | mazda-autohaus-wuttke-gummersbach.de | mazda-automobile-maier-cham.de | mazda-automobile-weberpals-sonneberg-hoenbach.de | mazda-autopark-rath-krefeld.de | mazda-bielskobiala-autogazda.pl | mazda-krakow-kazokuluzar.pl | mazda-lodz-matsuoka.pl | mazda-poznan-voyager.pl | mazda-press.com | mazda-rzeszow-czach.pl | mazda-service-koch-ludwigsfelde.de | mazda-service-metz-marne.de | mazda-sosnowiec-mirai.pl | mazda-tarnowskiegory-mirai.pl | mazda-warszawa-bemomotors.pl | mazda-warszawa-nivette.pl | mazda-warszawa-odyssey.pl | mazda-wroclaw-jaremko.pl | mazda-wroclaw-wrobel.pl | mazda.al | mazda.bg | mazda.co.me | mazda.com.ec | mazda.fi | mazda.gr | mazda.lt | mazda.lv | mcdonalds-hh.de | mcdonalds.co.za | mcdonalds.com.sg | mcdonalds.md | medef-44.fr | medef-ain.fr | medef-alsace.com | medef-artois.fr | medef-aude.com | medef-aura.fr | medef-bearnetsoule.com | medef-beziers.fr | medef-cher.fr | medef-corse.com | medef-cote-opale.com | medef-dromeardeche.fr | medef-essonne.org | medef-franche-comte.com | medef-mayenne.com | medef-nouvelle-aquitaine.fr | medef-pays-basque.fr | medef-paysdelaloire.fr | medef-sarthe.fr | medef-seine-estuaire.fr | medef-seineetmarne.fr | medef-vendee.fr | medef31.fr | medef41.fr | medef71.com | medef79.fr | medefloire.fr | medicover.de | mediqdirekt.de | mediqdirekt.hu | medknow.com | meggle-foodingredients.de | meggle.de | meggle.it | menicon.de | menschenfuermenschen.at | mercyships.dk | mercyships.nl | mersen.com.br | mersen.com.tr | mersen.es | mersen.hu | mersen.in | mersen.it | mersen.jp | metagenics.co.jp | metlife.cl | metlife.co.kr | metlife.com.ar | metlife.com.au | metlife.com.bd | metlife.com.cy | metlife.com.tr | metlife.com.uy | metlifetakealongdental.com | microbit.nl | miniso.ge | minisoindia.com | minisouruguay.com.uy | misterwhat-au.com | misterwhat.com.br | misterwhat.de | misterwhat.nl | misterwhat.pl | misterwhat.pt | mitsubishi-motors.at | mitsubishi-motors.com.ar | mitsubishi-motors.com.kw | mitsubishi-motors.com.om | mitsubishi-motors.fi | mitsubishi-motors.it | mitsubishi-motors.pt | mitsubishi-motors.qa | mitsubishielectric-printing.com | mitsubishielectric.com.cn | mitsubishielectric.com.sg | mitsubishielectric.cz | mitsubishielectric.se | mitsubishielectricmalaysia.com | mitsubishielevator.co.kr | modshair-nuernberg.de | modshair-stuttgart.de | mondialparebrise.re | monitus.com | moog.co.uk | moog.es | moog.fr | moore-czech.cz | moore.swiss | mooresingapore.com | msd-animal-health.be | msd-animal-health.co.nz | msd-animal-health.co.uk | msd-animal-health.com.au | msd-animal-health.dk | msd-animal-health.es | msd-animal-health.it | msd-animal-health.pl | msd-animal-health.pt | msd.es | msdinsight.no | msig-asia.com | mtn.cg | mtn.ci | mtn.co.sz | mtn.com.af | mtn.ng | mtn.zm | murrelektronik.at | murrelektronik.be | murrelektronik.ch | murrelektronik.com.cn | murrelektronik.com.tr | murrelektronik.cz | murrelektronik.es | murrelektronik.fi | murrelektronik.fr | murrelektronik.hu | murrelektronik.in | murrelektronik.it | murrelektronik.kr | murrelektronik.no | murrelektronik.pl | murrelektronik.ro | murrelektronik.se | murrelektronik.sg | murrelektronik.sk | murrelektronik.uk | muvpropiedades.com.ar | narscosmetics.co.uk | narscosmetics.de | narscosmetics.es | narscosmetics.fr | neposystem.me | nexi.gr | nexi.hr | nexicentraleurope.com | nexigroup.com | nextbikeczech.com | nobleprog.ae | nobleprog.co.th | nobleprog.com.ar | nobleprog.com.eg | nobleprog.com.ng | nobleprog.es | nobleprog.mx | nobleprog.ro | norauto-empleo.es | norauto.com | nordicpharma.be | nordicpharma.ch | nordicpharma.co.uk | nordicpharma.de | nordicpharma.es | nordicpharma.fr | nordicpharma.it | nordicpharma.nl | nordicpharma.pt | notairespirletboinet.be | nutricia.de | orange.md | orange.sk | orange.sn | orbico-kenoanyagok.hu | orbico.com.mk | orient-food.sk | ovb.at | ovb.gr | ovb.ro | overheaddooraz.com | overheaddoorbrookfield.com | overheaddoorcompanyjackson.com | overheaddoorfayetteville.com | overheaddoorkalamazoo.com | overheaddoorofterrehaute.com | overheaddoorriverton.com | overheaddoorsrichmond.com | pamarco.co.uk | patheon.com | patheon.kr | pauldaviswi.com | pcllawyersfrankston.com.au | pearson.com.hk | pearsonactivelearn.com | pearsonclinical.es | pearsonclinical.fr | pefc.be | pefc.cl | pefc.es | pefc.fi | pefc.org | pefc.se | pepsico.ru | piccinifuels.it | pilotpen.co.th | pilotpen.com.au | pirtek.at | pirtek.be | pirtek.de | pirtek.eu | pirtek.ie | pirtek.nl | pkf-l.com | pkf.com.tr | pkf.sk | pkfthailand.asia | plameco-baer.de | plameco-bonn.de | plameco-huizen.nl | plameco-rheinsieg.de | plameco.at | plameco.be | plameco.nl | polarysgroup.eu | pragroup.at | pragroup.com.au | pragroup.de | pragroup.fi | pragroup.no | pragroup.pl | pragroup.se | premiumproperties.com | processcommunicationmodel.sk | promat.ch | propertyfinder.com | reedglobal.ae | reedglobal.ch | reedglobal.com.mt | reedglobal.com.tr | reedglobal.cz | reedglobal.hu | reedglobal.pl | reedglobal.sg | remax-go.com.ar | remax-lueneburg.de | remax-pinneberg.de | remax.fi | remaxcrystal.com | renault-argenteuil.fr | renault-fama.be | renault-materom.ro | renault-tessenderlo.be | renault.jo | renault.pe | renaultsanzhispano.es | renaultselection.co.za | renaultsprings.co.za | renaulttersa.com.mx | renaultvercammen.be | repsol.fr | repsol.no | repsol.pe | repsol.us | rexel.it | rheine.schule | richs.co.uk | roca.co.id | roca.co.th | roca.com.ar | roca.com.tr | roca.fr | roca.it | roca.ro | rocatiles.com | rockvalleyculligan.com | rotary.hr | rotary6450.org | rsm.bh | rsm.lu | rsmpoland.pl | rsmrecruitment.com | rsmthailand.com | rubiomonocoat.com.pl | rubiomonocoatusa.com | sackit.no | saint-gobain-glass.co.uk | santander.com.uy | santander.de | santanderconsumer.fi | santanderconsumer.no | santanderconsumer.se | santillana.com.ar | santillana.com.bo | santillana.com.co | santillana.com.ec | santillana.com.hn | santillana.com.pa | santillana.com.pr | santillana.com.sv | santillana.com.uy | savethechildren.ca | savethechildren.es | savethechildren.it | savethechildren.mn | savethechildren.or.id | savethechildren.org.au | schaumann.it | scoutaerialafrica.com | seiban.com | servier.at | servier.bg | servier.co.id | servier.co.th | servier.co.uk | servier.co.za | servier.com.ar | servier.com.br | servier.com.pa | servier.com.ph | servier.es | servier.ge | servier.gr | servier.hu | servier.it | servier.lv | servier.pl | servier.pt | servier.ru | servier.si | servier.sk | servier.ua | servier.vn | shercomotorcycles.it | sherwin-williams.com.ec | siebtechnik-tema.cn | siebtechnik-tema.co.uk | siebtechnik-tema.com.au | siebtechnik-tema.nl | sitech-ohio.com | sitech-ws.com | sitech.fi | sitechdo.com.mx | sitechnorthwest.com | sitechnw.com | sixty8.ro | skoda-clermontferrand.fr | skoda-metz.fr | skoda-nancy.fr | softland.com.mx | solatube.co.uk | solatube.com.cn | solatube.pt | solatube.se | solatube.si | solatubegalicia.com | solatubescotland.co.uk | solidea.co.za | sothebysrealty.ae | sourceadvisors.co.uk | specialistnutrition.us | specialolympics.com.au | spie-energotest.pl | spie-ics.com | spie.be | spie.lu | spiegse.com | spitex-appenzellerland.ch | spitex-bodensee.ch | spitex-buchs.ch | spitex-emmen.ch | spitex-flawil-degersheim.ch | spitex-freiamt.ch | spitex-gaeu.ch | spitex-gersau.ch | spitex-grauholz.ch | spitex-hoefe.ch | spitex-imboden.ch | spitex-kriens.ch | spitex-linth.ch | spitex-meggen.ch | spitex-muellheim.ch | spitex-oberfreiamt.ch | spitex-oberthurgau.ch | spitex-regiokirchspiel.ch | spitex-region-kreuzlingen.ch | spitex-region-stockhorn.ch | spitex-region-zofingen.ch | spitex-regionbirs.ch | spitex-regiowittenbach.ch | spitex-romanshorn.ch | spitex-rotbachtal.ch | spitex-rothenburg.ch | spitex-see-lac.ch | spitex-steinmaur-neerach.ch | spitex-trevalli.ch | spitex-waedenswil.ch | spitex-wasseramt.ch | spitex-wiggertal.ch | spitex-wuerenlos.ch | spitex-wyland.ch | spitex-zimmerberg.ch | spitex.sg | spitexaadorf.ch | spitexampuls.ch | spitexbuchs.ch | spitexgaiserwald.ch | spitexgossau.ch | spitexgraenichen.ch | spitexkaiseraugst.ch | spitexkempt.ch | spitexlauchetal.ch | spitexlueg.ch | spitexmuri.ch | spitexniesen.ch | spitexow.ch | spitexrl.ch | spitexrontalplus.ch | spitexsense.ch | spitexstaefa.ch | spitextg.ch | spitexzh.ch | spitexzug.ch | sprachcaffe-muenchen.com | sprachschule-aktiv-basel.ch | srpb2b.com | stadtwerke-heidenheim-regio.de | stampinup.ca | stampinup.uk | stanbicbank.co.bw | stanleyelectricus.com | starkeypro.com | starkeypro.com.au | starkeypro.de | stawag-energie.de | steelhousegroup.ee | steinbacher.pl | sto-ukraine.com | stora-drain.be | storisell.com | subaru-bd.com | subaru.com.gt | subaru.com.np | subaru.com.pa | subaru.com.tr | subaru.es | subaru.jp | subaru.lu | subaru.mt | subaru.nc | subaruqatar.com | subway-franchise.fr | subway.co.id | subway.com.my | subwayburbank.com | subwayfrance.fr | subwaypacific.com | svnahia.com | svncredit.ro | svndesertcommercial.com | svnefird.com | svnnc.com | synergie.com | synergie.es | synergie.pt | synergiejobs.at | synergiejobs.nl | synlab-notes.com | synlab.com.ng | synlab.cz | synlab.de | synlab.ec | synlab.hr | synlab.si | takab.nu | takeda.com.ru | takeda.nl | takedaoncology.com | tasuki-holdings.co.jp | tbwa-entelia.com | tbwa.co.nz | tbwa.co.za | tbwa.com.hk | tbwa.it | tbwaalif.com | techmatrix-asia.com | techtel.com.sg | tectake.it | tensar.com.cn | terradat.co.uk | teztour.lt | thebodyshop.ee | thebodyshop.fi | thebodyshop.lt | thebodyshop.lv | thebodyshop.si | thelocal.at | thelocal.ch | thelocal.dk | thelocal.es | thelocal.fr | thelocal.it | thelocal.no | titancontainers.com.tr | toolstationjobs.nl | top1toysbleijenberg.nl | toupret.ch | toyota-bauer.at | toyota-bornholm.dk | toyota-handler.at | toyota-innviertel.at | toyota-niederberger.at | toyota-s.co.il | toyota-ulrichshofer.at | toyota.ae | toyota.bo | toyota.co.tz | toyota.com.kh | toyota.com.la | toyota.com.np | toyotabacau.ro | toyotabatangas.com.ph | toyotabucurestinord.ro | toyotacomauto.com | toyotaconstanta.ro | toyotadolak.cz | toyotafocsani.ro | toyotanorthedsa.com | toyotaploiesti.ro | toyotaquezonavenue.com.ph | toysrus.pt | tracybookshop.com | tridentseafoods.jp | trinkgutlippstadt.de | truemoney.com.vn | tryg.com | tupperware.at | tupperware.be | tupperware.co.kr | tupperware.com.ar | tupperware.fr | tupperware.gr | tupperware.it | tupperware.nl | tupperware.pl | unglobalcompact.ca | urmet.com.br | uxbistart.com | vans.co.nz | vans.com.ar | vans.com.au | vantagepoint.co.id | vbh.be | vbh.com.es | vbh.cz | vbh.de | vbh.hr | vbh.hu | vbh.ro | vbhtrgovina.si | veka.com.sg | venaenergy.co.jp | vendhq.com | vetpartners.fr | vettersculliganwater.com | victorsport.com.tw | viessmann.ua | virtual-reality.school | vispiron.systems | vitalsauna.eu | vivaconagua.at | vkf-renzel.bg | vkf-renzel.co.uk | vkf-renzel.com.tr | vkf-renzel.cz | vkf-renzel.dk | vkf-renzel.fr | vkf-renzel.hu | vkf-renzel.nl | vkf-renzel.ro | weidner.ca | whirlpool.com.sg | whisky.de | williamblairfunds.com | wolterskluwer.com.my | wolterskluwer.dk | wordans.de | wordans.it | worldoptionsgh.com.au | worldvision.bo | worldvision.ca | worldvision.cl | worldvision.co | worldvision.org.nz | worldvision.org.sv | worldvision.org.uk | worldvisionamericalatina.org | worldvisionmexico.org.mx | wuerth-gruppe.ch | wuerth.bg | wuerth.com.hr | wuerth.com.kh | wuerth.com.ph | wuerth.my | wuerthmarket.ru | wurth-international.com | wurth.ae | wurth.cl | wurth.co | wurth.co.ke | wurth.co.nz | wurth.co.uk | wurth.co.za | wurth.com.uy | wurth.com.vn | wurth.hu | wurth.kz | wurth.lk | wurth.lv | wurth.pt | wurth.sk | wurth.ua | wurthcanarias.es | wwf.at | wwf.es | wwf.no | wwf.ro | wwfcz.org | ymca-cnw.org | ymca-ywca.org | ymcalouisville.org | ymcasf.org | ymcasteuben.org | ymcaswv.com | ymcatoledo.org | ymcaup.org | ymcawaycross.com | yord.pl | yves-rocher.it | yves-rocher.pt | zkteco-ao.com | zkteco.co.za | zkteco.com.bd | zkteco.com.eg | zkteco.com.pk | zkteco.in | zkteco.me | zkteco.vn | zktecoma.com"
2,219,"aamco-bellevue.com | aamco-chesapeakeva.com | aamco-corpuschristi.com | aamco-councilbluffs.com | aamco-duluthga.com | aamco-newbraunfels.com | aamco-omahanorth.com | aamco-omahasouth.com | aamco-omahawest.com | aamco-taylorsvilleut.com | aamcoabingtonpa.com | aamcoahwatukee.com | aamcoalbuquerque.com | aamcoalexandriava.com | aamcoaloha.com | aamcoanaheim.net | aamcoantiochca.com | aamcoastoria.com | aamcoathensga.com | aamcoaustin-burnetrd.com | aamcobaltimore-pulaskihwy.com | aamcobearde.com | aamcoblog.com | aamcobloomfield.com | aamcobloomingtonil.com | aamcobradenton.com | aamcobridgewater.com | aamcobristolpa.com | aamcobronx.com | aamcobrookfieldwi.com | aamcobrooklyn-atlanticave.com | aamcobrooklyn-ralphave.com | aamcoburbank.com | aamcocantonga.com | aamcocapistranobeachca.com | aamcocarync.com | aamcocatonsvillemd.com | aamcocedarparktx.com | aamcocentraltampa.com | aamcochannelviewtx.com | aamcocharlottesville.com | aamcochino.com | aamcoclaymontde.com | aamcocolumbus-clevelandave.com | aamcocolumbus-wbroadst.com | aamcoconcord.com | aamcoconcordnh.com | aamcoconwaysc.com | aamcoconyersga.com | aamcocoronaca.com | aamcocorvallisor.com | aamcocovinaca.com | aamcodallastx.com | aamcodelran.com | aamcodelraybeach.com | aamcodovernj.com | aamcodowneyca.com | aamcoeastbrunswick.com | aamcoeastmesa.com | aamcoeastonpa.com | aamcoeastpointga.com | aamcoeggharbortwp.com | aamcoelcajon.com | aamcoerlanger.com | aamcoescondido.com | aamcoeugeneor.com | aamcoeuless.com | aamcoeverett.com | aamcofeastervillepa.com | aamcoflagstaff.com | aamcofontanaca.com | aamcofortlauderdale-dixiehwy.com | aamcofortlauderdale-plantation.com | aamcofrederickmd.com | aamcofremontca.com | aamcofuquayvarinanc.com | aamcogaithersburgmd.com | aamcogastonianc.com | aamcoglendalearrowhead.com | aamcoglendaleoldtown.com | aamcogolflinks.com | aamcohackettstown.com | aamcohagerstownmd.com | aamcohamptonva.com | aamcohemetca.com | aamcohialeahfl.com | aamcohightstownnj.com | aamcohouston-veteransmemorial.com | aamcohuntingtonbeachca.com | aamcoindependencemo.com | aamcoinglewoodca.com | aamcokcnorth.com | aamcola-culvercity.com | aamcolakeforestca.com | aamcolakeworth.com | aamcolancasterca.com | aamcolasvegas.com | aamcolaurelmd.com | aamcolawrencevillega.com | aamcolexingtoneast.com | aamcolexingtonparkmd.com | aamcolexingtonwest.com | aamcolongbeachca.com | aamcolubbock.com | aamcomanassasva.com | aamcomanchesterct.com | aamcomarietta-cobbparkway.com | aamcomcallen.com | aamcomcdonoughga.com | aamcomesacountryclub.com | aamcometuchen.com | aamcomiami-birdroad.com | aamcomiddletownny.com | aamcomilwaukieor.com | aamcomissouricitytx.com | aamcomorenovalley.com | aamcomorganhill.com | aamcomorristown.com | aamcomorrisvillepa.com | aamcomurraysouthsaltlakecity.com | aamconewportnews.com | aamconewwindsor.com | aamconorthridgeca.com | aamconorthtampa.com | aamconorthwestfwy-houston.com | aamconorwalk.com | aamconsa.com | aamcooaklandca.com | aamcoofgreensboro.com | aamcoofupland.com | aamcooklahomacity-edmond.com | aamcooklahomacity-northwest.com | aamcooklahomacity-yukon.com | aamcoorange.com | aamcoparkvillemd.com | aamcopasadenaca.com | aamcopasadenatx.com | aamcopatchogue.com | aamcopembroke.com | aamcopennsaukennj.com | aamcopeoria-az.com | aamcophilly-frankfordave.com | aamcophoenixcentral.com | aamcophoenixmaryvale.com | aamcophoenixnortheast.com | aamcophoenixville.com | aamcopinevillenc.com | aamcopomonaca.com | aamcopompanobeach.com | aamcoportsmouthnh.com | aamcopottstownpa.com | aamcopuyallupwa.com | aamcoraleigh-capitalblvd.com | aamcoranchocucamonga.com | aamcorandallstownmd.com | aamcoreadingpa.com | aamcoredlandsca.com | aamcoreno.com | aamcoreynoldsburgoh.com | aamcoroanokeva.com | aamcorochesterny.com | aamcorockvillemd.com | aamcoroslindalema.com | aamcoroundrocktx.com | aamcosalemor.com | aamcosanbernardinoca.com | aamcosandiego-miramar.com | aamcosandiego-missionbay.com | aamcosanrafaelca.com | aamcosantaanaca.com | aamcosantaclaritaca.com | aamcosantacruzca.com | aamcosantarosa.com | aamcoscottsdaleairpark.com | aamcoscottsdaleroad.com | aamcoseattlewa.com | aamcoseguin.com | aamcosignalhill.com | aamcosilverspringmd.com | aamcosouthloopautorepair.com | aamcosouthsarasota.com | aamcosouthtampa.com | aamcospokanevalleywa.com | aamcospringfield.com | aamcospringfieldoh.com | aamcospringfieldva.com | aamcostatenisland.com | aamcostroudsburg.com | aamcostuartfl.com | aamcosuffolkva.com | aamcosurprise.com | aamcotemeculaca.com | aamcotempe.com | aamcotigard.com | aamcotopekaks.com | aamcotransmissionpensacola.com | aamcotransmissionsknoxville-kingstonpike.com | aamcotulsa-brokenarrow.com | aamcotulsa-harvard.com | aamcotulsa-memorial.com | aamcotwinfalls.com | aamcovancouver99.com | aamcovictorvilleca.com | aamcoviennava.com | aamcovirginiabeachva.com | aamcowalnutcreekca.com | aamcowarrenmi.com | aamcowarrentonva.com | aamcowashingtondc.com | aamcowebstertx.com | aamcowestbroward.com | aamcowestpalmbeach.com | aamcowilliamsportpa.com | aamcowintervillenc.com | aamcowoodbridgeva.com | aamcowoodstock-mainst.com | aamcowsa.com | aamcoypsilantimi.com | aamcoyumaaz.com"
3,43,"toyota-evreux.fr | toyota-marseille.com | toyota-rambouillet.fr | toyota-saint-victoret.com | toyota.com.mk | toyotaakkoyunlu.com.tr | toyotaakten.com.tr | toyotaaktoy.com.tr | toyotaalbania.al | toyotaaydogan.com.tr | toyotaaykon.com.tr | toyotabakircilarfethiye.com.tr | toyotaboranlar.com.tr | toyotaborovali.com.tr | toyotacavdarli.com.tr | toyotacetas.com.tr | toyotaderinderekocak.com.tr | toyotaefe.com.tr | toyotaelpa.com.tr | toyotaer.com.tr | toyotagoktepe.com.tr | toyotahizel.com.tr | toyotahonduras.com | toyotakar.com.tr | toyotakocaelikaya.com.tr | toyotakuzen.com.tr | toyotamezcar.com.tr | toyotamici.com.tr | toyotanatas.com.tr | toyotaonatca.com.tr | toyotaotojen.com.tr | toyotaoztoprakhatay.com.tr | toyotaparmaksizlar.com.tr | toyotasamlioglu.com.tr | toyotasandikci.com.tr | toyotasarar.com.tr | toyotasonkar.com.tr | toyotatokullar.com.tr | toyotatoyan.com.tr | toyotayatubodrum.com.tr | toyotayatumugla.com.tr | toyotayigitvar.com.tr | toyotayoruk.com.tr"
4,34,"biothanesolutions.com | krugerkaldnes.no | veolia.am | veolia.be | veolia.bg | veolia.ca | veolia.cn | veolia.co.uk | veolia.co.za | veolia.com.gh | veolia.com.ru | veolia.com.sg | veolia.cz | veolia.de | veolia.es | veolia.fi | veolia.fr | veolia.ie | veolia.in | veolia.jp | veolia.ma | veolia.nl | veolia.pl | veolia.pt | veolia.sk | veolianorthamerica.com | veoliawatertech.com | veoliawatertechnologies.de | veoliawatertechnologies.es | veoliawatertechnologies.fi | veoliawatertechnologies.fr | veoliawatertechnologies.it | veoliawatertechnologies.pl | vwswestgarth.com"
5,29,"airbnb.am | airbnb.ba | airbnb.be | airbnb.ca | airbnb.cl | airbnb.co.id | airbnb.co.in | airbnb.co.kr | airbnb.com.ar | airbnb.com.au | airbnb.com.bo | airbnb.com.br | airbnb.com.co | airbnb.com.hk | airbnb.com.pe | airbnb.com.ro | airbnb.com.tw | airbnb.com.vn | airbnb.cz | airbnb.dk | airbnb.fr | airbnb.hu | airbnb.ie | airbnb.jp | airbnb.nl | airbnb.no | airbnb.rs | airbnb.ru | airbnb.si"
6,24,"pkf-central-america.com | pkf-dominicana.com | pkf-fwa.com | pkf-hk.com | pkf.ch | pkf.co.in | pkf.co.uk | pkf.com.cy | pkf.dk | pkf.pt | pkf.swiss | pkfboi.nz | pkfboston.com | pkfcaribbean.com | pkfcr.co.nz | pkfcs.co.nz | pkfea.com | pkfgf.co.nz | pkfjnd.com | pkfkerikeri.co.nz | pkflesotho.com | pkfmalta.com | pkfsingapore.com | pkfve.com"
7,18,"bbraun-vetcare.nl | bbraun-vetcare.pt | bbraun.ae | bbraun.cl | bbraun.co | bbraun.co.in | bbraun.co.kr | bbraun.co.za | bbraun.com.ar | bbraun.com.py | bbraun.com.tr | bbraun.ec | bbraun.lt | bbraun.mx | bbraun.pe | bbraun.pk | bbraun.pt | bbraun.ro"
8,15,"greatplacetowork.be | greatplacetowork.co.il | greatplacetowork.co.ke | greatplacetowork.co.kr | greatplacetowork.com.ar | greatplacetowork.com.bo | greatplacetowork.com.co | greatplacetowork.com.mm | greatplacetowork.com.pe | greatplacetowork.com.py | greatplacetowork.com.uy | greatplacetowork.com.ve | greatplacetowork.lu | greatplacetowork.pl | greatplacetowork.pt"
9,10,"lindt.at | lindt.ch | lindt.co.za | lindt.com.au | lindt.com.mx | lindt.cz | lindt.dk | lindt.es | lindt.fi | lindt.se"
10,10,"funiber.ci | funiber.cm | funiber.fr | funiber.it | funiber.ma | funiber.ml | funiber.org.co | funiber.org.uy | funiber.sn | funiber.us"
11,10,"actemium.at | actemium.ch | actemium.co.uk | actemium.com | actemium.com.br | actemium.de | actemium.id | actemium.it | actemium.pt | actemium.sk"
12,9,"shimadzu-la.com | shimadzu-rika.co.jp | shimadzu-techno.co.jp | shimadzu.co.kr | shimadzu.com.br | shimadzu.com.cn | shimadzu.com.ph | shimadzu.in | shimadzumea.com"
13,9,"holidayland-bruchkoebel.de | holidayland-dorfen.de | holidayland-durmersheim.de | holidayland-friedrichshafen.de | holidayland-pohlheim.de | holidayland-reisebuero-stuppert.de | holidayland-roedermark.de | holidayland-sanktwendel.de | holidayland-wunstorf.de"
14,9,"ccusa.ca | ccusa.co.nz | ccusa.co.uk | ccusa.co.za | ccusa.com.au | ccusa.cz | ccusa.hu | ccusa.nl | ccusa.sk"
15,9,"grantthornton.az | grantthornton.bg | grantthornton.ci | grantthornton.co.im | grantthornton.com.pa | grantthornton.com.sv | grantthornton.com.ve | grantthornton.do | grantthornton.tn"
16,9,"flashbay.ca | flashbay.co.nz | flashbay.com.my | flashbay.es | flashbay.fi | flashbay.fr | flashbay.hu | flashbay.no | flashbay.pt"
17,8,"wuerth-ag.ch | wuerth.co.jp | wuerth.co.th | wurth-international.com.cn | wurth.com.tw | wurth.fi | wurth.nl | wurthindustry.ca"
18,8,"aeccglobal.co.id | aeccglobal.co.th | aeccglobal.com.bd | aeccglobal.lk | aeccglobal.my | aeccglobal.ng | aeccglobal.sg | aeccglobal.vn"
19,8,"astrazeneca.ca | astrazeneca.com.hk | astrazeneca.com.tr | astrazeneca.dk | astrazeneca.hu | astrazeneca.no | astrazeneca.pt | astrazeneca.ua"
20,8,"autosecuritas-barlin.fr | autosecuritas-ct-notre-dame-doe.fr | autosecuritas-ct-seysses.fr | autosecuritas-ctlp.fr | autosecuritas-ducos.fr | autosecuritas-passins.fr | autosecuritas-tallard.fr | autosecuritaslemoule.fr"
21,8,"statkraft.co.uk | statkraft.com.br | statkraft.com.pe | statkraft.com.tr | statkraft.fr | statkraft.ie | statkraft.nl | statkraftvarme.no"
22,8,"kumon.cl | kumon.com.ar | kumon.com.bo | kumon.com.co | kumon.com.pe | kumon.com.uy | kumonla.com | kumonshuppan.com"
23,8,"dulux.co.za | dulux.co.zw | dulux.com.my | dulux.com.sg | dulux.ie | dulux.in | dulux.pl | duluxarabia.com"
24,8,"sto-sea.com | sto.com.tr | sto.es | sto.fi | sto.hr | sto.hu | stoag.ch | stoitalia.it"
25,7,"mazda.com.tr | mazda.de | mazda.es | mazda.hu | mazda.nl | mazda.si | mazdalanka.lk"
26,7,"titancontainers.at | titancontainers.co.nz | titancontainers.co.uk | titancontainers.dk | titancontainers.fr | titancontainers.ie | titancontainers.us"
27,7,"menicon.co.uk | menicon.com.au | menicon.es | menicon.fr | menicon.nl | menicon.sg | meniconamerica.com"
28,7,"pingusenglish.co.id | pingusenglish.com | pingusenglish.com.cy | pingusenglish.com.tr | pingusenglish.ee | pingusenglish.my | pingusenglish.ps"
29,7,"modshair-bielefeld.de | modshair-braunschweig.de | modshair-hannover.de | modshair-koeln-city.de | modshair-koeln-lindenthal.de | modshair-mannheim.de | modshair.co.nz"
30,7,"adecco.cl | adecco.com.sg | adecco.com.vn | adecco.de | adecco.ie | adecco.rs | adeccome.com"
31,6,"mazda-angola-autozuid.com | mazda-bcrmotors.ru | mazda.com.tw | mazda.ph | mazda.ru | mazdabali.co.id"
32,6,"de-heus.nl | deheus.co.in | deheus.id | deheus.pl | deheus.pt | deheus.rs"
33,6,"inductotherm-group-france.fr | inductotherm.co.kr | inductotherm.com.au | inductotherm.com.cn | inductotherm.com.tr | inductothermgroup.jp"
34,6,"lidl-ni.co.uk | lidl.com.cy | lidl.ee | lidl.lt | lidl.lu | lidl.lv"
35,6,"cinnabon-ksa.com | cinnabon.ca | cinnabon.com.tr | cinnabon.mx | cinnabon.pk | cinnabonrussia.com"
36,6,"shopee.co.id | shopee.co.th | shopee.com.co | shopee.com.mx | shopee.com.my | shopee.vn"
37,6,"chicco.ch | chicco.com.mx | chicco.com.ph | chicco.fr | chicco.pl | chicco.ru"
38,6,"equans.cl | equans.co | equans.cz | equans.hu | equans.lu | equansservices.com"
39,5,"allianz-genc.de | allianz-peev.de | allianz-rose.info | allianz-sebastiankoch.de | sekulin-allianz.de"
40,5,"culliganbetterwater.com | culliganuppercumberland.com | globalconnectcarrier.com | gs1lt.org | mapfre.pr"
41,5,"compo-group.com | compo-hobby.it | compo.de | compo.es | compo.pl"
42,5,"kia-asc.ru | kia-autoprodix.ru | kia-chita.ru | kia-crimea.ru | kia-plt.ru"
43,5,"synlab.by | synlab.com.cy | synlab.com.gh | synlab.com.tr | synlab.mk"
44,5,"aamcoarlington-pantego.com | aamcobakersfield-unionave.com | aamcobakersfield-whiteln.com | aamcokellertx.com | aamcooverlandpark.com"
45,5,"pilotpen.co.uk | pilotpen.eu | pilotpen.hu | pilotpen.it | pilotpen.ro"
46,4,"msmode.de | msmode.es | msmode.fr | msmode.lu"
47,4,"nutricia.nl | nutricia.pt | nutriciababy.be | nutriciavoorjou.nl"
48,4,"nikon-mea.com | nikon.co.th | nikon.com.hk | nikon.com.sg"
49,4,"sonepar.pe | sonepar.pt | soneparfrance.fr | soneparthailand.com"
50,4,"saint-gobain-glass.es | saint-gobain.al | saint-gobain.bg | saint-gobain.mk"
51,4,"aamcotracyca.com | abc-autoglas.de | clearblueionizer.be | sitechsolutions.com"
52,4,"ibc-solar.it | ibc-solar.jp | ibc-solar.nl | ibc-solar.pl"
53,4,"bimeda.ie | bimedacanada.com | bimedasuramerica.com | bimedaus.com"
54,4,"greatplacetowork.cn | greatplacetowork.com.cy | greatplacetowork.es | greatplacetowork.mu"
55,4,"linexofchickasha.com | linexofjoliet.com | linexofschererville.com | linexofwilliston.com"
56,4,"intersport.com.tr | intersport.cz | intersport.hu | intersport.sk"
57,4,"axa-assistance.cz | axa-assistance.pl | axa.ad | axa.dz"
58,4,"tapflo.at | tapflo.hu | tapflo.it | tapflo.kz"
59,4,"meggle-bakery.com | meggle-cheese.com | meggle-group.com | meggle.co.jp"
60,4,"carglass.cz | carglass.dk | carglass.hu | carglass.lt"
61,3,"rotary-club-paris-se.org | rotary.no | rotarypublicschool.org"
62,3,"duraclean.net | duracleanrestoration.com | duracleanservicebybob.com"
63,3,"hansa-flex.at | hansa-flex.co.uk | hansa-flex.com.cn"
64,3,"aamcocollegestationtx.com | aamcoelpaso-east.com | aamcokansascitysouth.com"
65,3,"freseniuskidneycare.asia | freseniuskidneycare.au | freseniuskidneycare.ph"
66,3,"furuno.co.uk | furuno.fr | furuno.it"
67,3,"bosch-pt.co.in | bosch-pt.com.cn | bosch-pt.com.my"
68,3,"kia.am | kia.com.cy | kia.com.np"
69,3,"berlitz-bahrain.com | berlitzmanchester.com | berlitzph.com"
70,3,"sprachschule-aktiv-kaiserslautern.de | sprachschule-aktiv-passau.de | sprachschule-aktiv.de"
71,3,"toysrus.com.bn | toysrus.com.my | toysrus.com.sg"
72,3,"aon.co.nz | aon.hu | aonassurances.com"
73,3,"bosch-climate.com.tr | bosch-homecomfort.com | bosch-homecomfortgroup.com"
74,3,"intersport.ch | intersport.it | intersport.nl"
75,3,"benu.ee | benu.lt | benu.lv"
76,3,"lueck-gruppe.de | spie-osmo.de | spie-wirliebenkabel.de"
77,3,"trulynolenalagoas.com.br | trulynolenparaiba.com.br | trulynolenpiaui.com.br"
78,3,"renault-tortosa.es | renaultchiva.com | renaultrycauto.es"
79,3,"bosch-industrial.com | boschautopartes.mx | boschautoparts.com"
80,3,"gs1bg.org | gs1hu.org | gs1my.org"
81,3,"pearsonclinical.ca | pearsonclinical.co.uk | pearsonclinical.com.au"
82,3,"mercyships.org.au | papajohns.com.pk | papajohnsquebec.ca"
83,3,"miniso.com.ec | miniso.nc | minisocr.com"
84,3,"bonprix.ch | bonprix.nl | bonprix.se"
85,3,"sonepar.com.sg | sonepar.cz | sonepar.hu"
86,3,"mateco-hungary.hu | mateco.bg | mateco.ro"
87,3,"avis-tahiti.com | avis.com.ph | avis.cr"
88,3,"bbraun.be | bbraun.nl | bbraun.ru"
89,3,"veka.bg | veka.fr | veka.hu"
90,2,"repsol.com.mx | repsol.in.ua"
91,2,"plastoplan.com | plastoplan.rs"
92,2,"ikea.com.tr | ikea.es"
93,2,"isuzubarcs.hu | isuzugyor.hu"
94,2,"wurth.com.mk | wurth.rs"
95,2,"jungheinrich.com.my | jungheinrich.com.sg"
96,2,"fmc-mexico.com | freseniusmedicalcare.ca"
97,2,"isuzu-vietnam.com | isuzuhanoi.com"
98,2,"bonprix-fl.be | bonprix.co.uk"
99,2,"starbucks.co.nz | starbucks.com.gr"
100,2,"whirlpool.com.hk | whirlpoolservice.co.uk"
101,2,"hertz.yt | hertzhn.com"
102,2,"ardex.pl | ardexamericas.com"
103,2,"goliathgames.com | goliathgames.de"
104,2,"canon.cl | vitalimages.com"
105,2,"lindt.de | lindt.jp"
106,2,"pkf.jo | pkfuae.com"
107,2,"cdljatai.com.br | cdlvitoria.com.br"
108,2,"cdvielectronics.com | cdviplastics.com"
109,2,"komoder.com | komoder.md"
110,2,"aamcoglendaleca.com | aamcovinelandnj.com"
111,2,"bakertilly.uy | bakertillymlt.se"
112,2,"savethechildren.org.ph | savethechildren.org.uk"
113,2,"hyundai.sn | hyundaicentralsales.com"
114,2,"unicharm.co.in | unicharm.com.br"
115,2,"viacon.fi | viacon.no"
116,2,"remax-buchholz.de | remax-emblema.com.ar"
117,2,"mazdademagog.com | mazdadesherbrooke.com"
118,2,"ptsv-hof-minigolf.de | venturelightingme.com"
119,2,"ikea.com.do | ikea.pr"
120,2,"azets.ie | azetsconsulting.no"
